worker_count,trial,run_id,job_count,job_duration_ms,benchmark_start_time,elapsed_seconds,throughput_jobs_per_second,p50_job_latency_ms,p95_job_latency_ms,p50_claim_latency_ms,p95_claim_latency_ms,lease_seconds,max_attempts,retry_base_seconds,poll_interval_ms
1,1,5477ee2c-8dc7-4ec2-9c1d-cf8e9bf186fa,600,25,2026-08-28 13:29:53.285365+00,18.203406,32.960865,9225.883,17281.0729,1.8265,3.66175,10,3,1,250
1,2,340cea23-4c55-4e39-9880-8ab100c3240d,600,25,2026-08-28 13:30:12.958337+00,18.512651,32.410269,9284.1015,17600.6502,1.772,3.6462,10,3,1,250
1,3,26599856-6748-4125-8123-03bb3ba86acb,600,25,2026-08-28 13:30:33.014395+00,18.571869,32.306926,9460.123,17663.8096,1.7695,3.71545,10,3,1,250
4,1,552533cc-ae45-4270-93f3-4c4d75d682ea,600,25,2026-08-28 13:30:56.307548+00,4.406399,136.165608,2245.7485,4197.9721,1.6755,3.30665,10,3,1,250
4,2,33299859-df04-4ad0-9de6-e0c2c57d58c8,600,25,2026-08-28 13:31:02.376983+00,4.55573,131.702274,2367.855,4350.91685,1.7535,5.16935,10,3,1,250
4,3,567f1466-885c-451e-933c-f525a4e53f83,600,25,2026-08-28 13:31:08.482531+00,4.621578,129.825787,2447.241,4417.24035,1.7375,4.14255,10,3,1,250
8,1,b755602c-e81d-47ad-a39f-82fc2a500009,600,25,2026-08-28 13:31:17.675994+00,2.30714,260.062242,1216.9225,2194.66035,1.6125,3.6843,10,3,1,250
8,2,5c52a349-c3da-4075-8eff-491c447e6b6e,600,25,2026-08-28 13:31:21.548123+00,2.395935,250.424156,1289.58,2270.5897,1.8985,4.51725,10,3,1,250
8,3,69ca2184-a0ce-46e6-9565-ef4533baf358,600,25,2026-08-28 13:31:25.446443+00,2.410967,248.862801,1309.522,2299.2572,1.8375,3.8788,10,3,1,250
